,layer,filter,class_list,value
1,34,32,whole,0.018651078990976178
3,34,96,whole,0.004385868367709217
7,34,224,whole,-0.0005320151545027657
2,34,64,whole,-0.0019779407238838
5,34,160,whole,-0.002778837119021163
0,34,0,whole,-0.0028492784405852152
6,34,192,whole,-0.004005544485076359
4,34,128,whole,-0.009946733242212416
