10Percentile,90Percentile,Energy,Entropy,InterquartileRange,Kurtosis,Maximum,MeanAbsoluteDeviation,Mean,Median,Minimum,Range,RobustMeanAbsoluteDeviation,RootMeanSquared,Skewness,TotalEnergy,Uniformity,Variance
0.28003384094754646,0.48477157360406076,18824.904755948646,-3.2034265038149176e-16,0.12478849407783421,3.5229674266703106,0.8502538071065989,0.06801842728388419,0.3898963166863733,0.39509306260575294,0.04018612521150592,0.810067681895093,0.05017531737714996,0.3987507812525383,0.30522838166665256,18824.904755948646,1.0,0.006983047783908868
