,layer,filter,class_list,value
0,45,0,whole,0.004096112309052438
3,45,96,whole,-0.001105239608887676
2,45,64,whole,-0.0014756028734175448
1,45,32,whole,-0.0075587111914291825
