,layer,filter,class_list,value
1,53,32,whole,0.002952349630555534
0,53,0,whole,-0.005587210218790275
