,layer,filter,class_list,value
4,22,128,whole,0.0026536321906572152
1,22,32,whole,0.00019193220633332008
0,22,0,whole,-0.00013643882755085546
7,22,224,whole,-0.0007641403823129445
5,22,160,whole,-0.0011970815257812046
6,22,192,whole,-0.003567007263728264
3,22,96,whole,-0.004524345900419011
2,22,64,whole,-0.0068652241366991855
