,layer,filter,class_list,value
4,19,128,whole,0.0022647344327424352
5,19,160,whole,1.329885300930811e-05
0,19,0,whole,-0.0011436207144252392
2,19,64,whole,-0.0013462758257739016
3,19,96,whole,-0.0014914307657609121
1,19,32,whole,-0.002085237284535571
7,19,224,whole,-0.0029828337371565344
6,19,192,whole,-0.0037249640080562
