,layer,filter,class_list,value
0,39,0,whole,0.003999636403382181
1,39,32,whole,0.001484083445425713
2,39,64,whole,-0.0010443447539892846
3,39,96,whole,-0.002492966454471779
