10Percentile,90Percentile,Energy,Entropy,InterquartileRange,Kurtosis,Maximum,MeanAbsoluteDeviation,Mean,Median,Minimum,Range,RobustMeanAbsoluteDeviation,RootMeanSquared,Skewness,TotalEnergy,Uniformity,Variance
0.19520958083832335,0.42155688622754495,7905.6278907255355,-3.2034265038149176e-16,0.11736526946107786,3.81887426315916,0.73812375249501,0.07165157082124388,0.30311603906315393,0.293812375249501,0.016766467065868266,0.7213572854291418,0.048938269043046455,0.3167114352728312,0.7056695510792235,7905.6278907255355,1.0,0.008426800095241289
