,layer,filter,class_list,value
0,5,0,whole,0.0033569079657344405
1,5,32,whole,0.000923676614534677
