10Percentile,90Percentile,Energy,Entropy,InterquartileRange,Kurtosis,Maximum,MeanAbsoluteDeviation,Mean,Median,Minimum,Range,RobustMeanAbsoluteDeviation,RootMeanSquared,Skewness,TotalEnergy,Uniformity,Variance
0.33535353535353535,0.6242424242424243,5859.76255892256,-3.2034265038149176e-16,0.1737373737373737,2.043478718099201,0.7717171717171717,0.09077912411396331,0.4726716574682914,0.4666666666666667,0.14141414141414144,0.6303030303030303,0.07057992511226918,0.48457524292497944,0.10480242908260061,5859.76255892256,1.0,0.011394670281981004
