10Percentile,90Percentile,Energy,Entropy,InterquartileRange,Kurtosis,Maximum,MeanAbsoluteDeviation,Mean,Median,Minimum,Range,RobustMeanAbsoluteDeviation,RootMeanSquared,Skewness,TotalEnergy,Uniformity,Variance
0.2711864406779661,0.5993836671802774,34332.183171454955,-3.2034265038149176e-16,0.1679506933744222,3.435903075946785,1.0,0.10341827448142579,0.4161580081644358,0.3882896764252696,0.04314329738058552,0.9568567026194145,0.07140877153043418,0.43598364302903125,0.789239465529942,34332.183171454955,1.0,0.01689424922947515
