10Percentile,90Percentile,Energy,Entropy,InterquartileRange,Kurtosis,Maximum,MeanAbsoluteDeviation,Mean,Median,Minimum,Range,RobustMeanAbsoluteDeviation,RootMeanSquared,Skewness,TotalEnergy,Uniformity,Variance
0.29055374592833877,0.49771986970684035,30574.054153571913,-3.2034265038149176e-16,0.10814332247557001,4.967928377114072,0.8130293159609121,0.06648707062167863,0.3924568787053516,0.38566775244299667,0.022801302931596094,0.790228013029316,0.04456439232677928,0.4021915809702045,1.0087769176864603,30574.054153571913,1.0,0.00773566616016561
