,layer,filter,class_list,value
3,15,96,whole,-0.0008959080515872853
1,15,32,whole,-0.0021388235394684567
0,15,0,whole,-0.006665477741410572
2,15,64,whole,-0.006845246909063971
