10Percentile,90Percentile,Energy,Entropy,InterquartileRange,Kurtosis,Maximum,MeanAbsoluteDeviation,Mean,Median,Minimum,Range,RobustMeanAbsoluteDeviation,RootMeanSquared,Skewness,TotalEnergy,Uniformity,Variance
0.18410596026490073,0.3717439293598234,6088.476179699722,-3.2034265038149176e-16,0.10684326710816774,3.2204570169842954,0.6282560706401766,0.06050986605452358,0.2647541143947804,0.2467991169977925,0.04282560706401766,0.585430463576159,0.044067942543259284,0.27488867221042423,0.8453443217687554,6088.476179699722,1.0,0.00546904102064561
