10Percentile,90Percentile,Energy,Entropy,InterquartileRange,Kurtosis,Maximum,MeanAbsoluteDeviation,Mean,Median,Minimum,Range,RobustMeanAbsoluteDeviation,RootMeanSquared,Skewness,TotalEnergy,Uniformity,Variance
0.3156945279615153,0.5526157546602525,29966.925542989517,-3.2034265038149176e-16,0.14010823812387246,2.2393309088240723,0.7137702946482261,0.07479441991445968,0.438222648704245,0.44497895369813584,0.04509921828021647,0.6686710763680096,0.05704881835199706,0.44712054281673536,-0.23748047162765362,29966.925542989517,1.0,0.007877689971368092
