10Percentile,90Percentile,Energy,Entropy,InterquartileRange,Kurtosis,Maximum,MeanAbsoluteDeviation,Mean,Median,Minimum,Range,RobustMeanAbsoluteDeviation,RootMeanSquared,Skewness,TotalEnergy,Uniformity,Variance
0.2666666666666667,0.5573333333333335,9101.859982222224,-3.2034265038149176e-16,0.12,5.568903625133488,1.0,0.09051400208570841,0.38564997712111365,0.3546666666666667,0.07200000000000001,0.9279999999999999,0.05423655025528603,0.4054631080934758,1.5974104730539846,9101.859982222224,1.0,0.015674427171306144
