10Percentile,90Percentile,Energy,Entropy,InterquartileRange,Kurtosis,Maximum,MeanAbsoluteDeviation,Mean,Median,Minimum,Range,RobustMeanAbsoluteDeviation,RootMeanSquared,Skewness,TotalEnergy,Uniformity,Variance
0.23635693215339235,0.37352507374631266,3436.7600966098453,-3.2034265038149176e-16,0.06342182890855458,4.408573200193666,0.6157817109144542,0.042031713942470635,0.29784775990033757,0.28982300884955753,0.07300884955752213,0.542772861356932,0.027051183013720687,0.30301944369831013,1.00063726901404,3436.7600966098453,1.0,0.0031074951815842186
