10Percentile,90Percentile,Energy,Entropy,InterquartileRange,Kurtosis,Maximum,MeanAbsoluteDeviation,Mean,Median,Minimum,Range,RobustMeanAbsoluteDeviation,RootMeanSquared,Skewness,TotalEnergy,Uniformity,Variance
0.3364705882352941,0.6235294117647059,30918.876534256055,-3.2034265038149176e-16,0.15529411764705886,2.8054558956042066,0.8258823529411764,0.09009296436755801,0.489649215021255,0.5035294117647059,0.0,0.8258823529411764,0.06466169763541554,0.5020736783853482,-0.5066960735723097,30918.876534256055,1.0,0.012321624756462876
