10Percentile,90Percentile,Energy,Entropy,InterquartileRange,Kurtosis,Maximum,MeanAbsoluteDeviation,Mean,Median,Minimum,Range,RobustMeanAbsoluteDeviation,RootMeanSquared,Skewness,TotalEnergy,Uniformity,Variance
0.35290237467018465,0.6207124010554089,17753.71738918553,-3.2034265038149176e-16,0.150395778364116,2.6598276098234974,0.8931398416886541,0.08528162131386727,0.4805339762623163,0.47361477572559363,0.09960422163588388,0.7935356200527702,0.06184409372515111,0.4916852584881579,0.21782995579440786,17753.71738918553,1.0,0.01084149107209434
