,layer,filter,class_list,value
0,47,0,whole,0.004588628581053117
1,47,32,whole,0.00152292244903654
