,layer,filter,class_list,value
2,42,64,whole,0.0001969993675087739
1,42,32,whole,-6.326951105887768e-05
0,42,0,whole,-0.0005223323747501146
3,42,96,whole,-0.023485494452024684
