10Percentile,90Percentile,Energy,Entropy,InterquartileRange,Kurtosis,Maximum,MeanAbsoluteDeviation,Mean,Median,Minimum,Range,RobustMeanAbsoluteDeviation,RootMeanSquared,Skewness,TotalEnergy,Uniformity,Variance
0.3454695222405284,0.6194398682042833,15445.26059780322,-3.2034265038149176e-16,0.15156507413509063,2.674994801786184,0.8237232289950576,0.08614869373865351,0.46976067631721063,0.45469522240527177,0.1630971993410214,0.6606260296540362,0.0625751143096527,0.481397753661432,0.49704302951840496,15445.26059780322,1.0,0.011068704216269664
