10Percentile,90Percentile,Energy,Entropy,InterquartileRange,Kurtosis,Maximum,MeanAbsoluteDeviation,Mean,Median,Minimum,Range,RobustMeanAbsoluteDeviation,RootMeanSquared,Skewness,TotalEnergy,Uniformity,Variance
0.20531197301854973,0.3060708263069139,2467.860865699887,-3.2034265038149176e-16,0.05143338954468796,15.906076646455945,0.7457841483979764,0.033461265865161065,0.25619887488198806,0.2525295109612141,0.04806070826306913,0.6977234401349073,0.02149256909897886,0.2605889065574133,2.0584216111710254,2467.860865699887,1.0,0.0022687147299916637
