10Percentile,90Percentile,Energy,Entropy,InterquartileRange,Kurtosis,Maximum,MeanAbsoluteDeviation,Mean,Median,Minimum,Range,RobustMeanAbsoluteDeviation,RootMeanSquared,Skewness,TotalEnergy,Uniformity,Variance
0.28513568246253546,0.5050627784528149,15426.083632260774,-3.2034265038149176e-16,0.1113811259619279,3.9506589532152985,0.8639125151883355,0.06913523333325851,0.388231137240093,0.3770757391656541,0.0749291211016606,0.7889833940866748,0.046489447790358934,0.39836716822902246,0.7317046338874391,15426.083632260774,1.0,0.007972984800074264
