,layer,filter,class_list,value
0,31,0,whole,0.00851037071951763
7,31,224,whole,0.003548090665954093
1,31,32,whole,0.0034168308021987866
4,31,128,whole,-0.001505870132712625
5,31,160,whole,-0.0033067349121973484
3,31,96,whole,-0.0033199247712420304
2,31,64,whole,-0.006308724540789831
6,31,192,whole,-0.017704451751602242
