,layer,filter,class_list,value
0,56,0,0,0.05183615429506459
1,56,1,0,-6.14694359191148e-06
3,56,3,0,-3.0212619807268303e-05
2,56,2,0,-0.0019454215160580213
