,layer,filter,class_list,value
0,56,0,whole,0.2674199453575751
2,56,2,whole,0.010938714525493401
1,56,1,whole,-1.0340712745726677e-05
3,56,3,whole,-7.440242235002836e-05
