10Percentile,90Percentile,Energy,Entropy,InterquartileRange,Kurtosis,Maximum,MeanAbsoluteDeviation,Mean,Median,Minimum,Range,RobustMeanAbsoluteDeviation,RootMeanSquared,Skewness,TotalEnergy,Uniformity,Variance
0.2849002849002849,0.5584045584045584,18215.594711081892,-3.2034265038149176e-16,0.16809116809116814,2.094705424162773,0.8205128205128206,0.08729855996209428,0.43521622872454646,0.45014245014245025,0.06552706552706553,0.754985754985755,0.06806279724252244,0.44708101340729056,-0.3311594055238138,18215.594711081892,1.0,0.010468266804073319
