,layer,filter,class_list,value
2,16,64,whole,0.002484420719386696
7,16,224,whole,0.0
6,16,192,whole,-0.0003221746081510157
3,16,96,whole,-0.0005629265186045118
4,16,128,whole,-0.0014121164796658341
1,16,32,whole,-0.0026873506007534438
5,16,160,whole,-0.003605298584324704
0,16,0,whole,-0.011928345198214415
