10Percentile,90Percentile,Energy,Entropy,InterquartileRange,Kurtosis,Maximum,MeanAbsoluteDeviation,Mean,Median,Minimum,Range,RobustMeanAbsoluteDeviation,RootMeanSquared,Skewness,TotalEnergy,Uniformity,Variance
0.31914893617021267,0.6037234042553191,21481.301366568576,-3.2034265038149176e-16,0.17021276595744678,2.7773171799642955,0.8617021276595744,0.09328687605231206,0.4708984065962023,0.47872340425531906,0.058510638297872335,0.8031914893617021,0.06974261677539675,0.48433580164677403,-0.010630285520163376,21481.301366568576,1.0,0.012835859421980973
