,layer,filter,class_list,value
1,8,32,whole,-0.000432254052664971
0,8,0,whole,-0.0029637517013417353
