10Percentile,90Percentile,Energy,Entropy,InterquartileRange,Kurtosis,Maximum,MeanAbsoluteDeviation,Mean,Median,Minimum,Range,RobustMeanAbsoluteDeviation,RootMeanSquared,Skewness,TotalEnergy,Uniformity,Variance
0.23218673218673216,0.45331695331695326,16429.86805610055,-3.2034265038149176e-16,0.12223587223587223,3.476344556273922,0.8974201474201474,0.07029467154139676,0.34080901975190575,0.33906633906633904,0.002457002457002452,0.894963144963145,0.05045719823332535,0.35189332853708916,0.2845006282889885,16429.86805610055,1.0,0.007678126724656875
