10Percentile,90Percentile,Energy,Entropy,InterquartileRange,Kurtosis,Maximum,MeanAbsoluteDeviation,Mean,Median,Minimum,Range,RobustMeanAbsoluteDeviation,RootMeanSquared,Skewness,TotalEnergy,Uniformity,Variance
0.1974865350089767,0.5152603231597847,4557.413103869796,-3.2034265038149176e-16,0.11624775583482938,5.9708239118811886,0.9183123877917416,0.09560307499160708,0.3059521717127532,0.26077199281867147,0.04533213644524237,0.8729802513464993,0.05475001286978178,0.3328982584196727,1.7791748046243043,4557.413103869796,1.0,0.017214519083101173
