,layer,filter,class_list,value
1,12,32,whole,0.0035029146317215208
2,12,64,whole,0.0007185276191802509
0,12,0,whole,0.0
3,12,96,whole,-0.0006277196077991015
