10Percentile,90Percentile,Energy,Entropy,InterquartileRange,Kurtosis,Maximum,MeanAbsoluteDeviation,Mean,Median,Minimum,Range,RobustMeanAbsoluteDeviation,RootMeanSquared,Skewness,TotalEnergy,Uniformity,Variance
0.1978395061728395,0.3012345679012346,1213.0908141861,-3.2034265038149176e-16,0.05216049382716051,8.737506921630699,0.683641975308642,0.03338802319916101,0.24759802404667502,0.24290123456790128,0.11450617283950618,0.5691358024691359,0.021907515891608956,0.2516878598754291,1.3941204081297058,1213.0908141861,1.0,0.0020419972968557377
