,layer,filter,class_list,value
0,50,0,whole,0.00487491111026179
1,50,32,whole,0.0031819496686076006
