10Percentile,90Percentile,Energy,Entropy,InterquartileRange,Kurtosis,Maximum,MeanAbsoluteDeviation,Mean,Median,Minimum,Range,RobustMeanAbsoluteDeviation,RootMeanSquared,Skewness,TotalEnergy,Uniformity,Variance
0.23381088825214902,0.47507163323782237,1969.1241093258682,-3.2034265038149176e-16,0.11346704871060176,5.665792566991134,0.8011461318051577,0.07614871295322156,0.34926457830580393,0.33581661891117487,0.13123209169054442,0.6699140401146133,0.04819390194898653,0.36438959659537,1.3167453869935624,1969.1241093258682,1.0,0.010794032447805442
