,layer,filter,class_list,value
7,37,224,whole,0.0022762509559811016
4,37,128,whole,0.001045287470770595
3,37,96,whole,0.0007864100275913721
5,37,160,whole,0.0006342527544246302
2,37,64,whole,0.00027689467778028163
6,37,192,whole,0.00021667204840833122
0,37,0,whole,-0.0065296699649130124
1,37,32,whole,-0.009535794164377678
