,layer,filter,class_list,value
2,9,64,whole,0.0015007161921960694
1,9,32,whole,0.000651679045079695
3,9,96,whole,0.00011481484059840397
0,9,0,whole,0.0
